sent,reference,translation
"Käytämme niin paljon aikaa puhuessamme toistemme ohi emmekä tarpeeksi aikaa selvittääksemme erimielisyytemme , ja jos voimme löytää myötätuntoa toisiamme kohtaan on meillä myös mahdollisuus rakentaa riidaton perusta .","We spend so much time talking past each other and not enough time talking through our disagreements , and if we can start to find compassion for one another , then we have a shot at building common ground .","We spend so much time talking through each other, not enough time to work out our differences, and if we can find compassion for each other, we have a chance to build a foundation."
"Sitten teimme nämä jalat , jotka muokattiin maasta . Niissä kasvoi perunan mukuloita , ja punajuuria yläosasta , ja erittäin ihana messinkivarvas .","Then we made these legs that are cast in soil with a potato root system growing in them , and beetroots out the top , and a very lovely brass toe .","And then we made these legs that were modified from the ground, and they grew potato bugs and beets from the top, and very lovely brass toe."
"Kokemuksesta tiedän , että lapset ovat luonnostaan uteliaita asioista , joita he eivät tiedä tai ymmärrä , tai jotka ovat heille vieraita .","And , from my experience , you know , kids are naturally curious about what they don &apos;t know , or don &apos;t understand , or is foreign to them .","Well, in my experience, children are naturally curious about things they don't know or understand or that they don't know."
"Mielestäni halutessamme löytää ihmisyyden koko potentiaalin meidän täytyy juhlia niitä sydäntäsärkeviä vahvuuksia ja ihania vajaavuuksia , joita meillä kaikilla on .","I think that if we want to discover the full potential in our humanity , we need to celebrate those heartbreaking strengths and those glorious disabilities that we all have .","I think to find the full potential of humanity, we must celebrate the heartbreaking strengths and wonderful shortcomings that we all have."
Minulle kävi kummallisia yhteensattumia ; olin hyväksynyt lukemattomia kutsuja puhumaan gepardi-proteesien muotoilusta ympäri maailman .,Curious encounters were happening to me at the time ; I &apos;d been accepting numerous invitations to speak on the design of the cheetah legs around the world .,"Weird coincidences occurred to me 2010, I'd accepted countless invitations to talk about cheetah clowns all over the world."
Auton pysähtyessä poika hypähti yhtäkkiä 30 m pystysuoraan ilmaan ja katosi .,"And then when they came to a stop , the boy would do a sudden vertical takeoff , 100 foot in the air , and then disappear .","When the car stopped, the kid suddenly jumped 30 meters into the air and disappeared."
"Tyypillinen näkemys on , että jos näkee tai kuulee asioita , on tulossa hulluksi . Mutta psykoottiset hallusinaatiot ovat täysin erilaisia .","In particular , the notion is that if you see things or hear things , you &apos;re going mad , but the psychotic hallucinations are quite different .","The typical view is that if you see or hear things, you're going crazy, but psychotic hallucinations are completely different."
"14 tuntia proteesimeikkausta muuntuakseni olioksi , jolla oli nivelletyt tassut , kynnet ja häntä , joka heilui ympäriinsä kuin gekkolla .","14 hours of prosthetic make-up to get into a creature that had articulated paws , claws and a tail that whipped around , like a gecko .","Fourteen hours of prosthetic surgery to turn into a creature with pinned paws, claws and a tail that waved around like a duck."
"Ainoa tarkoitus joka näillä jaloilla voi olla , elokuvan puitteista irrotettuna , on stimuloida aisteja ja herättää mielikuvitus .","And the only purpose that these legs can serve , outside the context of the film , is to provoke the senses and ignite the imagination .","The only purpose that these legs can have, separated from the film is to stimulate the senses and awaken the imagination."
"Minulla oli hiilikuiduista kudotut sprinttijalat , jotka oli muotoiltu gepardin takajalan mukaan . Saatoitte nähdä ne lavalla eilen .","I had woven carbon fiber sprinting legs modeled after the hind leg of a cheetah , which you may have seen on stage yesterday .","I had magnesium feet woven from carbon fibers, shaped after the back of a cheetah, which you may have seen on stage yesterday."
"Joten teimme jalkoja , joita ihmiset hellästi kutsuivat lasijaloiksi , vaikka ne itse asiassa ovat läpinäkyvää polyuretaania , eli keilapallojen materiaalia .","So we made what people lovingly referred to as glass legs even though they &apos;re actually optically clear polyurethane , a.k.a. bowling ball material .","So we made feet that people gently called glass metals, even though they're actually translucent polyurethane, or bowling ball material."
"Ja silloin tiesin , että suhteeni yhteiskuntaan on muuttunut syvällisesti tämän viimeisen vuosikymmen aikana .",And that &apos;s when I knew — that &apos;s when I knew that the conversation with society has changed profoundly in this last decade .,And that's when I knew that my relationship with society has changed profoundly in the last decade.
"Mutta toisinaan hän ei tiennyt varmasti , oliko kyse harhasta vai ei . Koska hallusinaatiot sopivat tapahtumayhteyteen .","But sometimes he wasn &apos;t sure whether he was hallucinating or not , because the hallucinations would fit in the context of the visions .",But sometimes he didn't know for sure if it was an illusion or not because the hallucinations fit the connection.
"Mutta vain yksi prosentti myöntää ne , koska he pelkäävät tulevansa luokitelluiksi hulluiksi tai jotakin .","But no more than one percent of the people acknowledge them , because they are afraid they will be seen as insane or something .",But only one percent will admit them because they're afraid of becoming locked crazy or something.
"Joten tein sopimuksen aikuisten kanssa , että lapset voivat tulla sisään ilman aikuisia kahdeksi minuutiksi itsekseen .",So I made a deal with the adults that the kids could come in without any adults for two minutes on their own .,So I made a deal with the grown-ups that the kids could come in without the adults for two minutes by themselves.
"Tunnemme hyvin omat mielikuvitusmaisemamme , sisäiset maisemamme . Olemme eläneet niiden kanssa koko elämämme .","And we are familiar with the landscapes of our own imagination , our inscapes . We &apos;ve lived with them all our lives .","We're very familiar with our imaginations, our inner landscapes, and we've lived with them our whole lives."
"Tarkoitukseni on puhua hallusinaatioista . Erityisesti tietystä visuaalisesta aistiharhasta , jota potilaillani esiintyy .","So I am going to be talking about hallucinations , and a particular sort of visual hallucination which I see among my patients .","My purpose is to talk about hallucinations, especially certain visual hallucinations in my patients."
"Mutta se on täysin äänetön , kuin mykkäelokuva . &quot; &quot; Hän piti sitä melko tylsänä elokuvana .","But it &apos;s completely silent , like a silent movie . &quot; &quot; And she said that it &apos;s a rather boring movie .","But it's completely silent, like a silent movie."
"Ihmisellä ei ehkä ole pelkästään &quot; &quot; auto &quot; &quot; -soluja , vaan myös &quot; &quot; Aston Martin &quot; &quot; -soluja .","So you may not only have &quot; &quot; car &quot; &quot; cells , you may have &quot; &quot; Aston Martin &quot; &quot; cells .","Human beings may not just have what's called a composite housing, but that's also what's called a composite processo, and that's what's known as an Aston Martin on top of it."
"Eivät siis kaikki heistä eivätkä ne , jotka lähettävät minulle vihapostia . Mutta yllättyisitte .","I mean , not all of them , and not the ones who send me hate mail , but you would be surprised .","Not all of them, and not all of those who send hate mail to me, but you'd be surprised."
Tässä kohtaa aloin siirtyä pois tarpeesta toistaa ihmismäisyyttä ainoana esteettisenä ideaalina .,"And even at this point , I started to move away from the need to replicate human-ness as the only aesthetic ideal .",This is where I began to move out of the need to repeat humanity as the only aesthetic effect.
Toisen kerran kävelyllä Pariisin kaduilla hän näki — ihan todella — mestauslavan .,"On one occasion when he was walking in the streets of Paris , he saw — this was real — a scaffolding .","The second time he walked the streets of Paris, he saw a man beheaded."
Kotona hän näki 15 cm korkean mestauslavan pienoismallin työhuoneensa pöydällä .,"But when he got back home , he saw a miniature of the scaffolding six inches high , on his study table .","Back home, he saw a six-inch tall beheading model on his desk."
"( Naurua ) Toinen jalkapari , jonka parissa teimme yhteistyötä olivat nämä ... ne näyttävät meduusan jaloilta . Myös polyuretaanista .","( Laughter ) And then another pair of legs we collaborated on were these — look like jellyfish legs , also polyurethane .","The other pair of feet we worked on were these... they look like jellyfish feet, including polyurethane."
"On tietty visuaalisen hallusinaation muoto , joka voi liittyä heikentyneeseen näköön tai sokeuteen .","I said , &quot; &quot; There is a special form of visual hallucination which may go with deteriorating vision or blindness .",There's a certain form of visual hallucination that could be related to impaired vision or blindness.
"Mies käännähti ympäri , jakautui kuudeksi identtiseksi raitapaitaiseksi hahmoksi , jotka alkoivat kävellä häntä kohti .","And he turned around . And then he divided into six figures in striped shirts , who started walking towards her .","The man turned around, divided into six identical striped figures that began to walk towards him."
"Nykyään tiedämme , että on satoja muunlaisia soluja , jotka voivat olla äärimmäisen erikoistuneita .","And now we know that there are hundreds of other sorts of cells , which can be very , very specific .",We now know that there are hundreds of other kinds of cells that can be extremely specialized.
"Sitten yksi kahdeksanvuotias sanoi : &quot; Hei , miksi et haluaisi myös lentää ? &quot;","And then , one eight-year-old said , &quot; Hey , why wouldn &apos;t you want to fly too ? &quot;","And then this eight-year-old says, ""Hey, why wouldn't you like to fly too?"""
Kerran hän näki kylpytakkiin pukeutuneen piippumiehen ja tajusi sen esittävän häntä itseään .,"On one occasion , he saw a man in a bathrobe smoking a pipe , and realized it was himself .","One day he saw a man in a bathrobe in a pipe, and he realized it was a painting of himself."
"Eräällä toisella potilaallani , jolla myös oli vielä näköä jäljellä , harhat saattoivat olla häiritseviä .","With another patient of mine , who , also had some vision , the vision she had could be disturbing .","One of my other patients, who also had vision, could be disturbing."
"On muita aivojen osia , jotka erityisesti osallistuvat rakennusten ja maisemien tunnistamiseen ja hallusinointiin .",There are other parts of the brain which are specifically involved with the recognition and hallucination of buildings and landscapes .,There are other parts of the brain that are particularly involved in identifying buildings and landscapes and hallucinating.
Ainoastaan korkeammilla tasoilla muut aistit tulevat mukaan luoden yhteyksiä muistiin ja tunteisiin .,It &apos;s only at higher levels that the other senses join in and there are connections with memory and emotion .,"Only on higher levels do the other senses enter, creating connections to memory and emotion."
"Keskustelu meni yleensä jotenkin näin : &quot; &quot; Kuule Aimee , sinä olet todella kaunis .","And the conversation would go something like this , &quot; &quot; You know Aimee , you &apos;re very attractive .",The conversation usually goes something like this:
"Ja tyttö , joka on tuntenut minut vuosikausia normaalipituudessani 173 cm —",And a girl was there who has known me for years at my normal 5 &apos; 8 &quot; &quot; .,"And the girl who's known me for years at my normal height, 5'9"","
"Itse asiassa on havaittu , että aivojen eri näköalueet aktivoituvat hallusinaatioita koettaessa .","And in fact , to find that different parts of the visual brain are activated as they are hallucinating .","As a matter of fact, it's been discovered that the different visual areas of the brain are activated by hallucinations at the time of experimentation."
"Vuoden 1970 paikkeilla havaittiin , etteivät ainoastaan tietyt aivojen osat , vaan myös tietyt solut .","Around 1970 , it was found that there were not only parts of the brain , but particular cells .","Around 1970, it was discovered that not only certain parts of the brain, but certain cells."
"Koska et saa ketään olemaan samaa mieltä kanssasi , jos he eivät ensin kuuntele sinua .",Because you can &apos;t get anyone to agree with you if they don &apos;t even listen to you first .,Because you can't get anyone to agree with you if they don't listen to you first.
"Jos esimerkiksi liitämme vuoren ja tulen yhteen , saadaan tuli vuori . Siis tulivuori .","For example , the mountain and the fire together , we have fire mountain . It &apos;s a volcano .","For example, if we join a mountain and I come together, we get a volcano, a volcano."
"Hän oli toimittaja lehdessä nimeltä ID , ja teki minusta lehteen kansijutun .","She was the editor then of a magazine called ID , and she gave me a cover story .","He was a reporter in a magazine called ID, and he did a cover story on me."
"Ihmiset tulivat luokseni konferenssin jälkeen , puheeni jälkeen , miehiä ja naisia .","And people would come up to me after the conference , after my talk , men and women .","People came to me after the conference, after my speech, men and women."
"Toinen hahmo oli puoliksi nainen , puoliksi gepardi — pieni kunnianosoitus elämälleni urheilijana .","Then another character was a half-woman , half-cheetah — a little homage to my life as an athlete .","The other character was half woman, half cheetah - a small tribute to my life as an athlete."
Mutta hän oli peloissaan . Hän oli elänyt 95 vuotta eikä ollut koskaan ennen hallusinoinut .,But she was frightened . She &apos;d lived 95 years and she &apos;d never had a hallucination before .,"But he was scared, and he had been alive for 95 years, and he'd never hallucinated before."
Varsin usein nämä hallusinaatiot putkahtavat esiin ja häipyvät yhdessä hujauksessa .,It &apos;s typical of these hallucinations that they may come in a flash and disappear in a flash .,Very often these hallucinations pop up and go away in a heartbeat.
Kermit-sammakko ei merkitse minulle mitään . &quot; &quot; Sarjakuvat eivät häirinneet häntä suuremmin .,Kermit the Frog means nothing to me . &quot; &quot; She didn &apos;t mind the cartoons too much .,Kermit the Frog means nothing to me.
Kuvia muodostettaessa ylempi osa ohimolohkon näköaivokuorta tulee mukaan toimintaan .,"When images are formed , a higher part of the visual cortex is involved in the temporal lobe .","When pictures are formed, the upper part of the visual cortex of the temporal lobe will be involved."
"Se aktivoituu , kun ihminen tunnistaa , piirtää tai hallusinoi sarjakuvia .","It &apos;s activated when one recognizes cartoons , when one draws cartoons , and when one hallucinates them .","It's activated when a person recognizes, draws or hallucinates comics."
"Jotta voimme lopettaa lokeroimasta muotoa , toimintaa ja estetiikkaa , ja niiden arvottamisen eri tavoin .","So that we can stop compartmentalizing form , function and aesthetic , and assigning them different values .","So we can stop compartmentalizing form, action and aesthetics, and appreciating them in different ways."
"Jokunen kuukausi sitten minulle soitettiin hoitokodista , missä työskentelen .","A few months ago , I got a phone call from a nursing home where I work .","A few months ago, I got a call from the nursing home where I work."
Ei ihmistä eikä eläintä . Ne kaikki tuntuivat hänestä merkityksettömiltä .,"And none of the people or the animals , well , they all seemed oblivious of her .","No man, no beast, none of which seemed meaningless to him."
"Sitten sanoin hänelle : &quot; &quot; Luulen tietäväni , mikä teitä vaivaa .","And I then said to her , &quot; I think I know what you have . &quot;","And then I said to him, ""Will you risk it?"" ""I think I know what's wrong with you."""
Isoisä Charles Lullin näki satamäärin eri hahmoja ja kaikenlaisia maisemia .,"Charles Lullin , the grandfather , saw hundreds of different figures , different landscapes of all sorts .","Grandfather Charles Lullin saw hundreds of different characters, all kinds of scenery."
Kerran hän sanoi nähneensä ravintolassa raitapaitaisen miehen .,"On one occasion , she said she saw a man in a striped shirt in a restaurant .",One time he said he saw a man in a striped shirt in a restaurant.
Näköön tai kuuloon littyvät psykoottiset hallusinaatiot puhuttelevat ihmistä . Ne syyttävät .,"Psychotic hallucinations , whether they are visual or vocal , they address you . They accuse you .",The psychotic hallucinations that you're seeing or hearing speak to you.
Nyt 250 vuotta myöhemmin alamme saada pientä valaistusta tapahtumaan .,"Now , 250 years later , I think we &apos;re beginning to glimpse how this is done .","Now 250 years later, we're starting to get a little enlightenment going."
O.S. : &quot; &quot; Ne eivät häiritse minua sen enempää kuin tinnituksenikaan . Jonka jätän huomiotta .,"OS : Well they don &apos;t disturb me any more than my tinnitus , which I ignore .","They don't bother me any more than my tinnitus, which I ignore."
( Naurua ) Mitä olen oppinut ollessani vastaanottavana osapuolena kaikessa tässä rumuudessa ?,"( Laughter ) So what have I realized , being on the receiving end of all this ugliness ?",What have I learned from being on the receiving end of all this ugliness?
"Tuo ei muuten , jos kiinnititte huomiota , ollut emotionaalisesti korrektia .","That , by the way , in case you &apos;re paying attention , is not emotionally correct .","That, by the way, if you were paying attention, wasn't emotionally correct."
"Siksi olin siellä , halusin kutsua heidät katsomaan ja tutustumaan .","That &apos;s why I was there , I wanted to invite them to look and explore .","That's why I was there, to invite them over to see and get to know each other."
"Ja mielenkiintoista , identiteetin kannalta , mitä tarkoittaa olla vammainen ?","And interestingly , from an identity standpoint , what does it mean to have a disability ?","And interestingly enough, an identity-wise, what does it mean to be handicapped?"
Siis tarkoitan — Pamela Andersonilla on enemmän proteesia kehossaan kuin minulla .,"I mean , people — Pamela Anderson has more prosthetic in her body than I do .","I mean, Pamela Anderson has more prosthetic in her body than I do."
"Minulla on ne täällä lavalla mukanani : Viiniköynnöksiä , magnolioita , tyrmäävät .","Actually , I have them on stage with me : grapevines , magnolias — truly stunning .","I have them with me on stage, vines, magnolias, knockouts."
"Minulta kysyttiin , voisinko tulla tapaamaan vanhaa Rosalie-rouvaa .","And so they asked me if I would come and see Rosalie , the old lady .",I was asked if I could come and see the old lady Rosalie.
"Mitä tulee taudin alkuperäiseen kuvaukseen 1700-luvulla , Charles Bonnet ei itse nähnyt asioita .","Now with the original description in the 18th century , Charles Bonnet did not have them .","As for the original description of the disease in the 18th century, Charles Gerhardt didn't see things himself."
Kuvat olivat läpikuultavia ja peittivät näytön tavoin puolet näkökentästä .,"These cartoons would be transparent and would cover half the visual field , like a screen .","The images were transparent, like a screen, covering half the field of vision."
"Ensimmäisissä kuvailuissa ajateltiin , että niitä voitaisiin tulkita unien tapaan .","When these were first described , it was thought that they could be interpreted like dreams .",The first descriptions thought that they could be interpreted like dreams.
En ole lappuliisa enkä hautausurakoitsija .,"And no , I &apos;m not a meter maid , and I &apos;m not an undertaker .","I'm not a insurance company, and I'm not an undertaker."
"Aloin pohtia , kuinka uusi , nopea tapa oppia kiinaa voisi olla hyödyllinen .","I started thinking about how a new , fast method of learning Chinese might be useful .","I began to wonder how a new, fast way to learn Chinese could be useful."
Oven symboli näyttää kuin saluunan ovilta villissä lännessä .,The symbol of the door looks like a pair of saloon doors in the wild west .,The symbol of the door looks like the doors of the saloon in the Wild West.
Nyt hän nostaa kynän peukalolla ja etusormella .,Now he &apos;s going to pick up a pen with his opposed thumb and index finger .,Now he picks up the pen with his thumb and forefinger.
"Ja toiseksi : onko mahdollista , tai edes mielekästä hidastaa ?","And the second is , is it possible , or even desirable , to slow down ?","And secondly, is it possible or even meaningful to slow down?"
TED oli kirjaimellisesti laukaisualusta elämäni matkan seuraavalle vuosikymmenelle .,TED literally was the launch pad to the next decade of my life &apos;s exploration .,TED was literally the launch pad for my life's journey to the next decade.
"Ei ole reilua , että voi muuttaa pituuttaan , miten haluaa .","It &apos;s not fair that you can change your height , as you want it .",It's not fair that you can change your height any way you want.
"Hän sanoi , ettei tunnistanut ainuttakaan ihmistä tai paikkaa harha-aistimuksissaan .",She said she didn &apos;t recognize any of the people or places in the hallucinations .,He said he didn't recognize a single person or place in his delusions.
Hän oli fiksu vanha nainen . Mieleltään täysin terve . Ei mitään lääketieteellisiä ongelmia .,"She was a bright old lady , perfectly sane . She had no medical problems .","She was a smart old woman, perfectly healthy in her mind, no medical problems."
Aivonne ovat täysin kunnossa . Olette mieleltänne täysin terve .,There is nothing wrong with your brain . There is nothing wrong with your mind .,Your brain is perfectly fine.
Noin 10 prosentilla näkövammaisista on harhoja .,"Something like 10 percent , as I said , of visually impaired people get these .",About ten percent of visually impaired people have hallucinations.
"Kasvot , toisinaan rujot kasvot , ovat yleisin yksittäinen näky näissä harhoissa .","Faces , and sometimes deformed faces , are the single commonest thing in these hallucinations .","The face, sometimes crude, is the most common single sight in these delusions."
Erityisesti ohimolohkon yksi alue nimeltään gyrus fusiformis .,"And in particular , one area of the temporal lobe is called the fusiform gyrus .","Specifically, one area of the temporal lobe called the gyrus faciformis."
"Eräs toinen aivojen osa aktivoituu erityisesti , kun näkee sarjakuvia .",There is another part of the brain which is especially activated when one sees cartoons .,"There's one other part of the brain that's activated, especially when you see comic books."
Charles Bonnet ́ n syndroomassa ei päästä noille korkeammille tasoille .,"And in the Charles Bonnet syndrome , you don &apos;t go to those higher levels .",You can't get to those higher levels in Charles Wiltt's Syndrome.
"Vain silloin , kun on näkövammainen tai sokea , ketju katkeaa .",It is only if one is visually impaired or blind that the process is interrupted .,"Only when you're visually impaired or blind, the chain breaks."
Toisinaan ne kiinnostavat minua . Minulla on paljon kuvia niistä muistikirjoissani .,"They occasionally interest me , and I have many pictures of them in my notebooks .","Sometimes I find them interesting, and I have a lot of pictures of them in my notebooks."
"Itse asiassa , mitä paremmin työni teen , sitä enemmän minua vihataan .","In fact , the better I do my job , the more people hate me .","In fact, the better I do my job, the more people hate me."
"En välitä , jos kutsutte minua lepakoksi &#91; dyke &#93; . Ihan oikeasti .",I don &apos;t care if you call me a dyke . I really don &apos;t .,I don't care if you call me a bat.
"Tänään aloitan kahdeksalla näyttääkseni , miten tapa toimii .",Today I &apos;m going to start with eight to show you how the method works .,"Today, I'll start with eight to show you how it works."
"Ovi . Laitetaan lankku oven sisälle , oven salpa .","A door . Put a plank inside the door , it &apos;s a door bolt .","We put a plank inside the door, latch the door."
Tätä tapaa käyttämällä kahdeksan ensimmäistä radikaalia sallivat luoda 32 merkkiä .,"By using this method , the first eight radicals will allow you to build 32 .","Using this way, the first eight radicals allow all 32 signs to be created."
Hän sanoo minulle : &quot; &quot; Olemme tehneet työtä ympäri maata .,"He says to me , &quot; &quot; We &apos;ve done some work around the country .","He says to me, ""10,000, faithful."" ""We've been working all over the country."""
"Sanoimme rakentavamme laitteen , joka tekee mitä hän haluaa .","We said , we &apos;re going to build a device that does what he wants .",We said we'd build a device that would do what he wanted.
"Jostakin syystä , siihen ei ole tutkintovaatimusta eikä peruskurssia .","For some reason , there &apos;s no standard syllabus , there &apos;s no basic course .","For some reason, there's no degree requirement, no basics."
Reaktioni oli sanoa : &quot; &quot; Halleluja — mikä loistoidea !,"My first reflex was to say , &quot; &quot; Hallelujah — what a great idea !","I was going to say, IBM, Gomez, Hallelujah, what a great idea!"
"&quot; Ei , ei , ei ! Sen pitäisi olla Ihmeperhe . &quot;","&quot; No , no , no ! It should be the Incredibles . &quot;",It's supposed to be the Incredible Family.
Runous nostaa banaalin ja laiminlyödyn esineen taiteen valtakuntaan .,Poetry is what elevates the banal and neglected object to a realm of art .,And poetry lifts the jackal and neglected object into the realm of art.
Näemme silmillämme . Mutta näemme myös aivoillamme .,"We see with the eyes , but we see with the brain as well .","We see with our eyes, but we see with our brains."
Mutta viime päivinä hän oli nähnyt asioita .,"But now , for the last few days , she &apos;d been seeing things .","But in the last few days, he'd seen things."
Näen paljon lapsia . He kävelevät portaissa ylös alas .,I see a lot of children . They are walking up and down stairs .,I see a lot of kids walking up and down the stairs.
"Tapaan useita vanhoja ihmisiä , joiden kuulo tai näkö on heikentynyt .",I see a lot of elderly people who are hearing impaired or visually impaired .,I meet a lot of old people with impaired hearing or vision.
Vuonna 1759 hän kuvaili lapsenlapselleen erilaisia näkemiään asioita .,"And in 1759 , he described to his grandson various things he was seeing .","In 1766, he described to his grandson the very different things he saw."
Joskus hän saattoi nähdä teini-ikäisen pojan istumassa konepellillä .,Sometimes she would see a teenage boy sitting on the hood of the car .,Sometimes he could see a teenage boy sitting on the hood.
"Jos he myöntävät vaivansa lääkäreilleen , heidät voidaan diagnosoida väärin .",And if they do mention them to their own doctors they may be misdiagnosed .,"If they admit to their doctors, they could be misdiagnosed."
Tällaista puhutelluksi tulemisen luonnetta ei esiinny Charles Bonnet ́ n hallusinaatioissa lainkaan .,There is none of this quality of being addressed with these Charles Bonnet hallucinations .,The nature of being spoken to does not appear in Charles Gerhardt's hallucinations at all.
"Kun ihmisillä on yksinkertaisia geometrisiä hallusinaatioita , primaarinen näköaivokuori aktivoituu .","When people have these simple geometrical hallucinations , the primary visual cortex is activated .","When humans have simple geometric hallucinations, the primary visual cortex is activated."
Puhutte näistä asioista osoittaen suurta ymmärtämystä ja empatiaa potilaitanne kohtaan .,You speak about these things with so much insight and empathy for your patients .,You speak of these things with great understanding and empathy towards your patients.
"Toinen silmäni on sokea , eikä toinenkaan ole ihan terässä .","I &apos;m blind in one eye , and not terribly good in the other .",One eye's blind and the other one's not quite right either.
Koska ymmärrätte niiden syyn . Eivätkö ne huolestuta teitä ? &quot; &quot;,"Because you understand what &apos;s doing it , it doesn &apos;t make you worried ?",Isn't that what concerns you?
Opin uusia merkkejä joka päivä 15 vuoden ajan .,I learned new characters every day during the course of the next 15 years .,I learned new signs every day for 15 years.
Yksi puu on puu . Kaksi puuta muodostavat pikkumetsän .,"One tree is a tree . Two trees together , we have the woods .","One tree is a tree, and two trees form a small forest."
Merkki vasemmalla on kaksi vuorta toistensa päällä .,The character on the left is two mountains stacked on top of each other .,The mark on the left is two mountains on top of each other.
Mielestäni se ei ole silti yllättävää .,"And I think that — that &apos;s not really surprising though , is it ?",But I don't think it's surprising.
Ja mielestäni psykologisella tasolla tällainen luo yhtälön .,And I think what that does to us psychologically is it creates an equation .,"And I think on a psychological level, this creates an equation."
"Ja jos siinä ei ole hävettävää tarpeeksi , sain sakon Italiassa .","And if that &apos;s not shaming enough , I got that ticket in Italy .","And if it's not embarrassing enough, I got a ticket in Italy."
Se antaa adrenaliiniryöpyn . Siitä on vaikea luopua .,It &apos;s all that adrenaline rush . It &apos;s hard to give it up .,"It gives you a rush of adrenaline, and it's hard to let go."
Tai yksinkertaisesti käyttää aikaa hidastamiseen ja elämästä nauttimiseen .,Or even simply just taking the time to slow down and savor your life .,Or simply use the time to slow down and enjoy life.
"( Naurua ) Tällä tarkoitan , etten enää varta vasten ylikuormita itseäni .",( Laughter ) And what that means is that I no longer overload myself gratuitously .,What I'm saying is that I don't particularly overload myself anymore.
( Naurua ) Näemme tällaista sisä- ja ulkopiiri- psykologiaa koko ajan .,"( Laughter ) We see this sort of in-group , out-group psychology all the time .",We see inside and out psychology like this all the time.
Jotkut teistä näkivätkin minut TEDissä 11 vuotta sitten .,"So some of you actually saw me at TED , 11 years ago .",Some of you saw me on the air 11 years ago.
Minun onnekseni monet ihmiset vastasivat kutsuun .,"Well , lucky for me , a lot of people answered that call .","Lucky for me, a lot of people answered the call."
Mutta ihmisillä on toki hallusinaatioitakin . Hallusinaatiot ovat täysin erilaisia .,"But there are also hallucinations as well , and hallucinations are completely different .","People have hallucinations, of course, hallucinations are completely different."
Näen valkean rakennuksen . Sataa pehmeää lunta .,"I see a white building . It &apos;s snowing , a soft snow .","I see a white building, it's snowing softly."
Poika oli hyvin sinnikäs ja liikkui melkoisen sulavasti auton kääntyessä .,He was very tenacious and he moved rather gracefully when the car turned .,The boy was very persistent and moved quite smoothly when the car turned.
Yhtäkkiä näkee kasvot . Yhtäkkiä näkee auton .,"So , suddenly you see a face . Suddenly you see a car .",Suddenly you see a car.
( Suosionosoituksia ) Chris Anderson : &quot; &quot; Suurenmoinen esitys . Kiitoksia oikein paljon .,( Applause ) Chris Anderson : That was superb . Thank you so much .,Thank you very much.
"Ja se tarkoittaa , että ihmiset eivät pidä meistä . Vai mitä ?","And incidentally , that means that people don &apos;t like us . Right ?","And that means people don't like us, right?"
Hän istui pöydässä seitsemän tai kahdeksan kaverin kanssa .,He sat at a table with seven or eight of these other guys .,He was sitting at a table with seven or eight guys.
"Kun kuorman ottaa pois , siitä tulee taas ohjautuvampi .","They take the load off , and it becomes , again , compliant .","You take the load away, it becomes more manageable."
"Kävimme treffeillä , nyt pikatreffeillä .","And of course , we used to date and now we speed date .","We went on a date, now we're on a speed date."
Eli seksikin kellotetaan nykyään .,"So , you know , even sex is on a stopwatch these days .",So even sex is clockwork these days.
Yksi on että nopeus on hauskaa ja seksikästä .,"One is that speed is fun , you know , speed is sexy .",One is that speed is fun and sexy.
Eniten tätä on tutkittu rotukysymysten yhteydessä .,And the case that &apos;s been most studied is the case of race .,The most-advised research that we've done has been about race.
"Joitakin korteista piteli valkoiset kädet , toisia tummat kädet . Kortit olivat samoja .","Some of them were held by white hands , others by black hands .","Some of the cards had white hands, others had dark hands, the cards were the same."
Ajattelimme luoda jotain täysin uutta liikuntakykyyn vaikuttavaa .,So we thought we would start writing a brand new chapter of mobility .,We're thinking of creating something completely new that affects mobility.
"Mutta ei ole keksitty mitään , mikä saisi minut kävelemään , ennen tätä .","But nothing has been invented that enables me to walk , until now .",But nothing has been invented to make me walk until now.
"Ja muita asioita , joita en tunne .",And other things that I don &apos;t — aren &apos;t familiar with .,And other things I don't know.
Siihen aikaan esittämäni jalat olivat uraauurtavia proteeseja .,"At the time , the legs I presented were groundbreaking in prosthetics .","In those days, the feet I played were groundbreaking prosthetics."
Tekoraaja ei enää kuvaa tarvetta korvata menetys .,A prosthetic limb doesn &apos;t represent the need to replace loss anymore .,The fake chute no longer describes the need to make up for lost time.
Tuntuu kuin ne tulisivat ulkopuolelta ja jäljittelisivät havaintojamme .,"They seem to come from the outside , and to mimic perception .",It's like they're coming from the outside and imitating what we saw.
Näen valjastetun hevosen raahaamassa lunta pois .,"I see this horse with a harness , dragging the snow away .",I see a harnessed horse dragging snow away.
Noin 10 prosentilla näkövammaisista on visuaalisia hallusinaatioita .,And about 10 percent of the visually impaired people get visual hallucinations .,About ten percent of visually impaired people have visual hallucinations.
"Ei ole pakko olla täysin sokea , kyllin heikko näkö riittää .","You don &apos;t have to be completely blind , only sufficiently impaired .",You don't have to be completely blind. Weak enough eyesight is enough.
Ensiksi hän kertoi nähneensä nenäliinan ilmassa .,The first thing he said was he saw a handkerchief in midair .,First he told me he saw a handkerchief in the air.
Sitten nämä kuusi hahmoa yhtyivät taas haitarin tavoin .,"And then the six figures came together again , like a concertina .",And then these six figures rejoined like an accordion.
Tämä aivojen osa havaitsee rajapintoja ja malleja .,This is the part of the brain which perceives edges and patterns .,This part of the brain detects boundary surfaces and models.
Haluan vain tehdä yhteenvedon ja kertoa että tämä on yleistä .,I think I just want to recapitulate and say this is common .,I just want to put together a summary and tell you that this is common.
"( Naurua ) ( Aplodeja ) Pikamuistutuksena , se on D-Y-K-E .","( Laughter ) ( Applause ) Just quick refresher , it &apos;s D-Y-K-E .","As a reminder, it's D-Y-K-E."
"Toisin sanoin , voimme olla poliittisesti oikeassa , mutta emotionaalisesti väärässä .","In other words , we can be politically right but emotionally wrong .","In other words, we may be politically correct, but emotionally wrong."
"Sean Hannity on yksi mukavimmista miehistä , joita olen koskaan tavannut .",Sean Hannity is one of the sweetest guys I &apos;ve ever met .,Sean Hannity is one of the nicest men I've ever met.
Saan paljon todella mukavia kirjeitä .,"I get a lot of really nice letters , lots of them .",I get a lot of really nice letters.
"Ne ovat ne rakennuspalikat , joista luodaan kosolti muita merkkejä .",They are the building blocks for you to create lots more characters .,It's the building blocks that create a lot of other signs.
"Laitetaan auringon ja kuun hohde yhteen , saadaan kirkkaus .","Put the sun and the moon shining together , it &apos;s brightness .","Put the glow of the sun and the moon together, you get the brightness."
"Tämä ihminen hiippailee ovesta , paeta , väistää .","This person is sneaking out of a door , escaping , evading .","This person sneaks through the door, escapes, moves away."
"( Naurua ) Kolme naista , nyt varovasti , tuloksena uskottomuus .","( Laughter ) Three women together , be careful , it &apos;s adultery .","Three women, now be careful. The result is infidelity."
"Suu , joka kertoo , mistä mennä ulos , on uloskäynti .",A mouth which tells you where to get out is an exit .,The mouth that tells you where to go is the exit.
&quot; Ei . Sen pitäisi olla tarkastaja Gadget ! &quot;,&quot; No . It should be Go Go Gadget ! &quot;,It's supposed to be Inspector Nadal!
( Naurua ) Tänään olen 185 cm .,"( Laughter ) Today , I &apos;m 6 &apos; 1 &quot; &quot; .","Today I'm 6'4""."
Mutta hänen suunsa toisen puolen hampaat ovat valtavat .,But he has huge teeth on one side of his mouth .,But the teeth on the other side of his mouth are huge.
"Hän mietti , oliko hän tulossa hulluksi tai menettämässä järkensä .",She wondered if she was going mad or losing her mind .,He wondered if he was going crazy or losing his mind.
Noin 10 prosentilla kuulovammaisista on musikaalisia hallusinaatioita .,About 10 percent of the hearing impaired people get musical hallucinations .,About ten percent of the hearingly impaired have musical hallucinations.
Nyt olen varmaan sanonut kaiken haluamani .,"Well , I &apos;ve more or less said what I wanted .",I think I've said all I wanted to say.
"Onko teillä itsellänne kokemusta syndroomista , joista kirjoitatte ? &quot; &quot;",Have you yourself experienced any of the syndromes you write about ?,Do you have any experience of yourselves with the syndrome you write about?
Siitä lähtien olen ollut haltioitunut tästä ihmeellisestä kielestä .,"Ever since then , I was fascinated by this incredible language .","Since then, I've been thrilled by this wonderful language."
Avaa suu mahdollisimman isoksi kunnes se on neliskanttinen .,Open your mouth as wide as possible until it &apos;s square .,Open your mouth as big as you can until it's squared away.
Hän on vanki - kuten Joona valaan sisässä .,"He &apos;s a prisoner , just like Jonah inside the whale .","He's a prisoner, like Jonah inside a whale."
"Jos puun alle laitetaan lankku , saadaan perusta .","Put a plank underneath the tree , we have the foundation .","If you put a plank under the tree, you'll have a foundation."
"Jos sytytetään tuli kahden puun alle , se on liekeissä .","Set the fire underneath the two trees , it &apos;s burning .","If you light a fire under two trees, it's on fire."
"Se tarkoittaa myös huomista , yhden päivän ja yön jälkeen .","It also means tomorrow , after a day and a night .","It also means tomorrow, after one day and one night."
Seuraava kahdeksan merkin ryhmä luo toiset 32 merkkiä .,The next group of eight characters will build an extra 32 .,The next group of eight signs creates another 32 signs.
"Kun olemme oppineet merkkejä , alamme luoda fraaseja .","So after we know the characters , we start building phrases .","Once we've learned the signs, we'll start inventing phrases."
Katsokaa kuinka sormet ottavat kiinni . Peukalo nousee . Ranne .,Watch the fingers grab . The thumb comes up . Wrist .,"See how the fingers catch up, the thumb rises, the wrist."
Mainostettiin pikajoogaa .,"And it was for , you guessed it , speed yoga .",We advertised a quick turnaround.
Se on rajallinen resurssi : se kuluu alinomaa .,It &apos;s a finite resource ; it &apos;s always draining away .,It's a limited resource. It wears out all the time.
"No - kiirehdimme , emmekö kiirehdikin ?","Well — well , we speed up , don &apos;t we ?","Well... we're hurrying, aren't we?"
Olin tulossa - no - sanaleikki oli tarkoitukseton .,I was coming to — well — no pun intended there .,I was on my way... well... wordplay was meaningless.
( Naurua ) Mutta miksi on hankala hidastaa ?,( Laughter ) But why is it so hard to slow down ?,But why is it so hard to slow down?
Tällaiset tuomiot ovat yleensä tarkkoja .,"And the thing is , these judgments tend to be accurate .",These convictions are usually precise.
Näemme sitä polittisissa kiistoissa eri ideologisten ryhmien välillä .,We see it in political clashes within groups with different ideologies .,We see it in the political controversy between different ideological groups.
Se voi olla Kiina tai Intia tai jokin Afrikan maa .,It could be China or India or a country in Africa .,It could be China or India or some African country.
Maailmassa on arviolta 68 miljoonaa pyörätuolipotilasta .,There are 68 million people estimated to be in wheelchairs worldwide .,It's estimated that 1.8 million people in wheelchairs in the world.
"Joten , tiedemiehet ja insinöörit , pyydän , puhukaa meille nörtisti .","So scientists and engineers , please , talk nerdy to us .","So, scientists and engineers, please, talk to us nerdly."
Kuvaillessane tiedettänne varokaa ammattikieltä .,"And when you &apos;re describing your science , beware of jargon .","When you describe your science, be careful with jargon."
Nämä ovat itse asiassa soijapeltoja .,"In fact , what you &apos;re seeing here are soybean fields .",These are actually soy fields.
Näin hätkähdyttäviä asioita löysimme .,"And this is what we found , and it &apos;s startling .",These are some startling things we found.
Siitä ei juuri puhuta .,"And yet , we don &apos;t talk about it very much .",They don't talk about it much.
Miten kasvava väestö ruokitaan tuhoamatta planeettaamme ?,How do we feed a growing world without destroying the planet ?,How do you feed a growing population without destroying our planet?
"Viljelyyn käytetään 2800 kuutiokilometriä vettä joka vuosi ,","We use 2,800 cubic kilometers of water on crops every year .","There's 8,500 cubic miles of water used in farming every year."
mikä riittää täyttämään 7305 Empire State Buildingiä joka päivä .,"That &apos;s enough to fill 7,305 Empire State Buildings every day .","that's enough to fill 77,000 Empire State Buildings every day."
"Kaupallisen maatalouden , ympäristönsuojelun ja luomuvijelyn kannattajien ...","Advocates of commercial agriculture , environmental conservation , and organic farming ...","On the side of commercial agriculture, environmentalism and organic production..."
Ja Hitlerin tavoin Göring ajatteli itseään taiteen keräilijänä .,"And like Hitler , Goering fancied himself a collector of art .","And, like Hitler, Göring thought of himself as an art collector."
Göring oli kaikilla mittapuilla hirveä mies .,"Now Goering was , by all accounts , a terrible man .",Goering was a horrible man by all accounts.
"Ja myös nämä hyvin aidon näköiset , maalatut silikonijalat .","And also these very life-like , intrinsically painted silicone legs .",And also these very real-looking painted radishes.
"Ei lääkitystä , joka voisi aiheuttaa hallusinaatioita .",She wasn &apos;t on any medications which could produce hallucinations .,No medication that could cause hallucinations.
Tällainen tilanne on minulle tuttu .,"Now this , for me , is a common situation .",I've been in this situation before.
"Ison sinisen nenäliinan , jossa oli neljä oranssinväristä ympyrää .",It was a large blue handkerchief with four orange circles .,A big blue handkerchief with four orange circles.
Monet niistä liittyivät autoon .,A lot of them had to do with a car .,A lot of them had to do with the car.
Toisella potilaallani oli erityyppinen hallusinaatio .,Another patient of mine had a different sort of hallucination .,My other patient had a different kind of hallucination.
Kuulee liikenteen . Kaikki aistit herkistyneinä .,You hear the traffic . All the senses are involved .,"You hear traffic, all your senses sensitive."
Kuvia ei muodosteta primaarisessa näköaivokuoressa .,You don &apos;t form images with your primary visual cortex .,The images aren't formed in the primary visual cortex.
&quot; &quot; Kasvosolut &quot; &quot; löydettiin noin vuonna 1970 .,&quot; &quot; Face cells &quot; &quot; were discovered around 1970 .,The facial cells were discovered around 1944.
"Ei pääse puusta pitkään , jos pitää niitä unina .",You don &apos;t get anywhere thinking of them as dreams .,You can't get out of the tree for long if you think of them as dreams.
Oliver Sacks : &quot; &quot; Tätä kysymystä pelkäsinkin .,Oliver Sacks : I was afraid you &apos;d ask that .,"Oliver Sacks: 23 minutes, 42 seconds. 00 minutes, 12 seconds."
( Naurua ) Kyllä vain . Paljonkin .,"( Laughter ) Well , yeah , a lot of them .",A lot.
C.A. : &quot; &quot; Tämä oli kertakaikkisen kiehtova puhe .,"CA : That was an utterly , utterly fascinating talk .",This was an absolutely fascinating speech.
"Kun teen työtäni , ihmiset vihaavat minua .","So when I do my job , people hate me .","When I do my job, people hate me."
Oletteko ystävällisiä ? Oletteko vain naiiveja ?,Are you being friendly ? Are you just being naive ?,Are you friendly?
Kolme tulta tarkoittaa paljon liekkejä .,"Three fires together , that &apos;s a lot of flames .",Three fires means a lot of flames.
Aurinko on meille onnen merkki .,"For us , the sun is the source of prosperity .",The sun is a sign of happiness for us.
Aurinko nousee horisontin yllä . Auringonnousu .,The sun is coming up above the horizon . Sunrise .,"The sun rises over the horizon, the sun rises."
"Tiedämme , että Japani on nousevan auringon maa .",We know Japan is the land of the rising sun .,We know Japan is the land of the rising sun.
"Joten aurinko ja alkuperä , saadaan Japani .","So a sun , origin together , we build Japan .","So the sun and the origin, we get Japan."
"Näillä pojilla on asennetta , jota ei voi käsittää .",These kids have attitudes that you just can &apos;t believe .,These boys have an attitude that can't be understood.
"Pohdin , pohdin pitkään ja hartaasti .","I just thought , and I thought long and hard .",I thought long and hard.
Ensiksikin : miten meistä tuli niin nopeita ?,"The first was , how did we get so fast ?","First of all, how did we get so fast?"
"Se kulkee valtavissa , kiireettömissä kehissä .","It &apos;s seen as moving in great , unhurried circles .","It runs in huge, leisure spheres."
Luonnollinen tilani ei enää ole olla ryntäilyholisti .,My default mode is no longer to be a rush-aholic .,My natural state is no longer a rush-aholic.
( Suosionosoituksia ) Amanda Boxtel : Kiitoksia . ( Suosionosoituksia ),( Applause ) Amanda Boxtel : Thank you . ( Applause ),Thank you.
Tämä on perinteisesti kaikista kunnioitettavin onnellisuuden muoto .,"This is the most venerable of the happinesses , traditionally .",This is traditionally the most respectable form of happiness.
Ammattikieli on muuri ideoidenne ymmärtämisen tiellä .,Jargon is a barrier to our understanding of your ideas .,Professional language is a wall in the way of understanding your ideas.
Voit kommunikoida tieteesi selkeästi kadottamatta ajatusta .,You can clearly communicate your science without compromising the ideas .,You can communicate with your science clearly without losing your mind.
"Esitellessäsi työtäsi , jätä pois luotikohdat .","And when presenting your work , drop the bullet points .","When you show off your work, leave out the bullets."
Sen sijaan halutaan syöttää niille enemmän kasviproteiinia .,"Instead , we want to feed them more vegetable proteins .","Instead, they want to feed them more plant protein."
Tämä kartta esittää maapallon maatalousalueita .,This map shows the presence of agriculture on planet Earth .,This is a map of the world's agricultural areas.
Se vie 16 miljoonaa neliökilometriä maa-alasta .,That &apos;s 16 million square kilometers &apos; worth of land .,It's taking 30 million square miles of land.
Käytämme jo kaiken planeettamme maa-alasta .,We &apos;re using a planet &apos;s worth of land already .,We're already using up all the land on our planet.
Neuvostoliitossa ei todellakaan ollut mitään Sierra Club -ympäristöjärjestöä .,The Soviet Union didn &apos;t really have a Sierra Club .,There really wasn't a Warner Club environmental organization in the Soviet Union.
Maatalous kuormittaa myös suurta osaa ilmakehästä .,We also use a lot of the atmosphere for agriculture .,And there's also a large portion of the atmosphere that is radically burdened by farming.
Miltä kauniin naisen tulee näyttää ?,What does a beautiful woman have to look like ?,What must a beautiful woman look like?
Kukaan ei tiennyt — kaikki luulivat niiden olevan puiset saappaat .,Nobody knew — everyone thought they were wooden boots .,No one knew - everyone thought they were wooden boots.
Se ei ole enää keskustelu vajaavuuden voittamisesta .,It is no longer a conversation about overcoming deficiency .,It's no longer a conversation about overcoming mental incompetence.
Aivoilla näkemistä kutsutaan usein mielikuvitukseksi .,And seeing with the brain is often called imagination .,Seeing with your brain is often called imagination.
Ne eivät tunnu omilta luomuksiltamme .,They don &apos;t seem to be of our creation .,They don't feel like our own creations.
Ne eivät tunnu olevan vallassamme .,They don &apos;t seem to be under our control .,They don't seem to be under our control.
Ne tulevat tiettyyn kohtaan ja pysähtyvät .,They come to a certain point and then stop .,They come to a certain point and stop.
"Eikä hän tiennyt , mitä oli tapahtumassa .",And she didn &apos;t know what was going on .,And he didn't know what was happening.
"Isoisä oli rauhantuomari , vanhahko mies .","His grandfather was a magistrate , an elderly man .","Grandfather was a justice of the peace, an elderly man."
Sitten hän näki ison renkaan ilmassa .,And then he saw a big wheel in midair .,Then he saw a big ring in the air.
Ne ovat melko nopeita ja vaihtuvat äkisti .,"They are rather sudden , and they change suddenly .",They're pretty fast and change suddenly.
Asiat voivat olla hyvin monimutkaisia .,The things you see can be very complicated indeed .,Things can be very complicated.
Hän tapasi nähdä ennen kaikkea sarjakuvia .,"And , above all , she would see cartoons .","Mainly, he used to see comic books."
Erityisesti hän näki sarjakuvia Kermit-sammakosta .,And especially she saw cartoons of Kermit the Frog .,"In particular, he saw comic books about Kermit the Frog."
Aloin mietiskellä freudilaisia ratkaisuja .,"You know , I was wondering about Freudian determinants .",I began to meditate on Freudian solutions.
Mitä näille ihmisille on tapahtumassa ?,"Well , what is going on with these people ?",What's happening to these people?
On tietty tiistai-ilta silloin vuonna 1982 .,And it &apos;s that Tuesday evening back in 1982 .,It's a certain Tuesday night in 1988.
Tämä erikoistuneisuus on hyvin mielenkiintoista .,It &apos;s very interesting that that should be specific .,This specialty is very interesting.
"( Naurua ) Satuin näkemään Aston Martinin aamulla ,",( Laughter ) I saw an Aston Martin this morning .,I happened to see an Aston Martin this morning.
Itse asiassa oma näköni on hieman heikentynyt .,And actually I &apos;m a little visually impaired myself .,"Actually, my eyesight is a little compromised."
Olen homoseksuaalinen kommentaattori Fox Newsissä .,I am a gay talking head on Fox News .,I'm a homosexual commentator for Fox News.
"Ensinnäkin , että kirjoitatte sen oikein .","One , I care that you spell it right .","First, that you spell it right."
Vai haluatteko todella satuttaa minua henkilökohtaisesti ?,Or do you really want to hurt me personally ?,Or do you really want to hurt me personally?
Lukutaitoon riittää 1000 .,"You only need 1,000 to understand the basic literacy .","For literacy, it's $1,000."
"Laitetaan suu oven sisälle , kysyä kysymyksiä .","Put a mouth inside the door , asking questions .","Let's put your mouth inside the door, ask questions."
"Ihminen Japanin jälkeen , mitä saadaan ?","A person behind Japan , what do we get ?","Man after Japan, what do we get?"
Yhden käden menettäminen ?,You think it &apos;s bad to lose one arm ?,Losing one hand?
Ajattelin niitä poikia ilman käsiä .,I keep thinking about these kids with no arms .,I was thinking about those boys with no hands.
Yhteiskunnassamme ja kulttuurissamme on jotakin mielenkiintoista .,I &apos;ve noticed something interesting about society and culture .,There's something interesting about our society and our culture.
Älä myöskään tuhoa sitä mitä olet korostanut .,"Also , don &apos;t delete what you &apos;ve highlighted .",And don't destroy what you've enhanced.
"Aikaa on rajatusti , joten mitä teemme ?","Time is scarce , so what do we do ?","Time is limited, so what do we do?"
Vaikka he toisinaan eivät tekisi mitään .,And even if they sometimes do nothing at all .,Even if sometimes they do nothing.
Me olemme tällaisessa hyvin taitavia .,We &apos;re very good at this sort of thing .,We're very good at this kind of thing.
Yksi nukeista saattoi pitää vihreistä pavuista .,So one of the puppets might like green beans .,One of the dolls might have liked the green beans.
"Sinä yönä et nuku , kun pohdit asiaa .",You would not sleep that night wondering about that .,It's the night you don't sleep when you think about it.
Sidomme itseämme myös muilla tavoin .,And we bind ourselves in other ways as well .,"We tie ourselves up in other ways, too."
"Prosentin verran kokonaisväestöstä ,",This is about one percent of the total population .,One percent of the population.
Hän vei viimeisenkin toivon kipinän sisimmästäni .,He robbed every ounce of hope from my being .,He took the last spark of hope from inside me.
miten he eroavat meistä muista ?,How do they differ from the rest of us ?,How are they different from the rest of us?
Se ei hymyilytä koko ajan .,What you get out of that is not smiley-ness .,It doesn't smile all the time.
Nyt voitte avata silmänne .,"Now , OK , you can open your eyes .",Now you can open your eyes.
Opin tämän omakohtaisesti seuraavassa seikkailussani .,I learned this firsthand with my next adventure .,I learned this firsthand on my next adventure.
Tässä suurennos siitä .,That &apos;s a good close-up of that one .,Here's the enlargement.
"Miehen , joka kääntyy minua kohden ja hymyilee .",A man who turns towards me and smiles .,A man who turns to me and smiles.
Sitten eräänä iltana näkymä muuttuu .,"Then , one night , the scene changes .","Then one night, the view changes."
Näen kissoja ja koiria tassuttelemassa tyköni .,I see cats and dogs walking towards me .,I see cats and dogs pawing at me.
Minä kerroin hoitajille .,"Well , so I did tell the nurses .",I told the nurses.
Tavallisesti ne eivät haalistu tai voimistu vähitellen .,They don &apos;t usually fade in and out .,"Normally, they don't fade or get stronger."
Näköhavainnon kertautumista kutsutaan joskus palinopsiaksi .,This repetition of perception is sometimes called palinopsia .,The reconstruction of sights is sometimes referred to as cryogenics.
Toiseksi yleisimpiä ovat sarjakuvat .,And one of the second commonest is cartoons .,Second most common are comic books.
&quot; Kermit ei merkitse minulle mitään . &quot;,&quot; Kermit means nothing to me . &quot;,Kermit means nothing to me.
C.A. : &quot; &quot; Eivätkä ne häiritse teitä ?,CA : And they don &apos;t disturb you ?,And they don't bother you?
Tässä on ihminen kävelyllä .,This is a person going for a walk .,This is a person walking.
Kolme puuta muodostavat isomman metsän .,"Three trees together , we create the forest .",Three trees form a larger forest.
"Jos on kaksi tulta , tulee todella kuuma .","Two fires together , I get really hot .","If there's two fires, it's really hot."
Vasemmalla on nainen .,"On the left , we have a woman .",There's a woman on the left.
"Kaksi naista , saadaan väittely .","Two women together , they have an argument .","Two women, we have a debate."
Olemme käyneet läpi noin 30 merkkiä .,So we have gone through almost 30 characters .,We've been through about 30 signs.
Nykyään karkotus on muuttunut ulosmenemiseksi .,"Nowadays , exile has turned into getting out .","These days, deportation has turned into an outing."
Näytimme sen muutamalle pojista .,We showed it to a bunch of guys .,We showed it to some of the boys.
Siinä on 14 vapausastetta .,It &apos;s got 14 active degrees of freedom .,That's 14 degrees of freedom.
Jokainen painallus suurentaa tekstiä .,You make the text larger with each tap .,Each button will enlarge the text.
Minulla oli kaksi kysymystä .,And I had two questions in my head .,I had two questions.
Kun taas länsimaissa aika on lineaarinen .,"Whereas in the West , time is linear .","Whereas in the West, time is linear."
Sitä joko käyttää tai menettää .,"You either use it , or lose it .",You either use it or lose it.
Halutaan takaisin hitaampaan rytmiin .,They want to get back to slower rhythms .,We want to go back to a slower rhythm.
Tekevätkö päättäjät hyviä päätöksiä puolestani ?,Are politicians making good decisions on my behalf ?,Do leaders make good decisions for me?
Pitää liikkua heidän rytmissään .,They need you to move at their rhythm .,You have to move in their rhythm.
"Smith kysyy , miten reagoit ?","And Smith says , how would you respond ?",Smith wants to know how you reacted.
"Sillä on suuri merkitys , Smith sanoo .","Smith says , that would matter a lot .","It matters a great deal, Smith says."
Berkeley Bionicsilla kutsumme näitä robotteja exoskeletoneiksi .,We at Berkeley Bionics call these robots exoskeletons .,"At Berkeley Bionics, we call these robots exoskeletons."
Tämä ei ole pelkkää toiveajattelua .,This is just not some blue sky thinking .,This is more than wishful thinking.
EB : Amandalla on yllään eLEGS-varusteemme .,EB : Amanda is wearing our eLEGS set .,Amanda's wearing our EMFS gear.
Itse asiassa ihmiset ovat täysin riippuvaisia siitä .,"In fact , we completely depend on it .","In fact, people are totally dependent on it."
Tarvittaisiin ravinteita ja vettä .,"Now , this would require nutrients and water .",We'd need nutrients and water.
Nyt ihmisiä on lähes seitsemän miljardia .,"Today , we &apos;re nearing 7 billion people .",Now there are nearly seven billion people.
lähes Etelä-Amerikan kokoinen alue .,That &apos;s almost the size of South America .,It's almost the size of South America.
Nykyisin monen suuren joen virtauma on vähentynyt .,"Today , many large rivers have reduced flows .","Today, the flow of many major rivers has diminished."
Ja minusta se oli hauskaa .,And I was having fun with it .,And I thought it was funny.
Työskentelen pääosin vanhainkodeissa .,"I work in old-age homes , largely .",I work most of my time in retirement homes.
"Hän tiesi , että se oli hallusinaatio .",And he knew it was a hallucination .,He knew it was a hallucination.
Nenäliinoja ei roiku ilmassa .,You don &apos;t have handkerchiefs in midair .,There are no tissues hanging in the air.
"Se oli ainoa hahmo , jonka hän tunnisti .",That was the only figure he recognized .,It was the only character he recognized.
Hänellä oli hyvin liikkuvaisia hallusinaatioita .,She had very mobile hallucinations as well .,He had very motile hallucinations.
Ne viettelevät . Ne nöyryyttävät .,They seduce you . They humiliate you .,"They seduce, they humiliate."
Seisoo tietyssä kadunkulmassa .,You &apos;re at a particular road junction .,Standing on a certain street corner.
Odottelemassa tyttöystäväänsä .,And you &apos;re waiting for your girl .,Waiting for his girlfriend.
Charles Bonnet -hallusinaatiot ovat ihan erilaisia .,The Charles Bonnet ones are quite different .,The Charles Wiet hallucinations are completely different.
Nyt se on täällä jossakin .,And now it &apos;s in there somewhere .,Now it's around here somewhere.
Ajatelkaa sokeiden määrää .,Think of the number of blind people .,Think of the number of blind people.
O.S. : &quot; &quot; Kiitoksia . Kiitoksia . &quot; &quot;,OS : Thank you . Thank you .,Thank you.
Se on melkein juuri sellaista .,It &apos;s totally almost just like that .,It's almost exactly like that.
Saamani vihaposti on uskomatonta .,The hate mail I get is unbelievable .,The anger mail I'm getting is incredible.
Annan teille pienen esimerkin .,Let me give you a small example .,I'll give you an example.
Poliittinen suostuttelu alkaa olemalla emotionaalisesti korrekti .,Political persuasion begins with being emotionally correct .,Political persuasion begins to be emotionally correct.
"En sano , että se on helppoa .",I &apos;m not saying it &apos;s easy .,I'm not saying it's easy.
Kiinalainen oppinut ymmärtää noin 20 000 : a merkkiä .,"A Chinese scholar would understand 20,000 characters .","A Chinese scholar understands about 20,000 signs."
Välilyöntinäppäin selaa sivun alaspäin .,The space bar scrolls down one page .,The space bar's pointing down the page.
"Kävin nämä lävitse todella nopeasti . Jos jotain meni ohi ,",So I know I went super fast .,I went through this really fast.
Joissain kulttuureissa aika on syklinen .,"In other cultures , time is cyclical .","In some cultures, time is a cycle."
Se on alati uudistuva ja kertautuva .,It &apos;s always renewing and refreshing itself .,It's usually renewable and renewable.
Joku teistä saattaa kiistää tämän .,Now some of you may reject this .,One of you may deny this.
Tajfel syntyi Puolassa 1919 .,Tajfel was born in Poland in 1919 .,The Taj Mahal was born in Poland in 1935.
varovaisestikin arvioiden .,And that &apos;s actually a conservative estimate .,I'm being cautious.
( Suosionosoituksia ) Kiitos . ( Suosionosoituksia ),( Applause ) Thank you . ( Applause ),Thanks.
Se on siis toinen tie . Ensimmäinen on positiiviset tunteet .,"So , that &apos;s the second path .",The first is positive feelings.
Pyrkimys merkityksellisyyteen on voimakkain .,The pursuit of meaning is the strongest .,The pursuit of meaning is the most powerful.
Araljärvi on luultavasti pahin .,This probably is : the Aral Sea .,Lake Aral is probably the worst.
Tämä on suurimittainen ympäristökatastrofi .,This is an environmental disaster writ large .,This is a massive environmental disaster.
Enemmän kuin koko liikenne .,That &apos;s more than all our transportation .,More than all the traffic.
Enemmän kuin kaikki sähkö .,It &apos;s more than all our electricity .,More than all the electricity.
Sen merkitys on ilmastonmuutoksen veroinen .,And it rivals climate change in importance .,It's as important as global warming.
Se vastaa miltei Saksan asukaslukua .,That &apos;s almost the size of Germany .,That's almost the population of Germany.
Mutta se ei ole ainoa ongelma .,But it &apos;s not the only problem .,But that's not the only problem.
"Kokonaisviljelyala on 16 milj. neliökilometriä ,",Global croplands cover 16 million km 2 .,The total acreage is 10 million square miles.
"Laitumina on 30 milj. neliökilometriä ,",Global pastures cover 30 million km 2 .,That's 100 million square miles of labs.
Miten tästä edetään ?,So where do we go from here ?,Where do we go from here?
"Joku , joka voisi olla superkykenevä .",Somebody that might even be super-abled .,Someone who could be super-potent.
Se on keskustelu lisäämisestä .,It &apos;s a conversation about augmentation .,It's a conversation about adding.
Se on keskustelu potentiaalista .,It &apos;s a conversation about potential .,It's a conversation about potential.
Menin tapaamaan häntä .,I went in to see her .,I went to see him.
Hän tiesi sen harhaksi .,She knew it was a hallucination .,He knew it was an illusion.
Täysin poissa hänen hallinnastaan .,She had no control over them .,Totally out of his control.
Tutkin hänet perusteellisesti .,"Well , I examined her carefully .",I examined him thoroughly.
Teillä on Charles Bonnet ́ n syndrooma .,And you have Charles Bonnet syndrome .,You have Charles Wiet Syndrome.
Silloin alkaa nähdä asioita .,And you start to see things .,You start to see things.
Mitä on tapahtumassa ?,"So , what is going on ?",What's happening?
oli pakko ottaa se mukaan .,I had to bring it in .,I had to take it with me.
Yhtäkkiä sitä . Yhtäkkiä tätä .,"Suddenly this , and suddenly that .",Suddenly this.
"Näen geometrisiä hallusinaatioita ,",And I see the geometrical hallucinations .,I'm having chronic hallucinations.
Kiitoksia hyvin paljon . &quot; &quot;,Thank you so much for sharing .,Thank you very much.
Eikä voi harrastaa seksiä ...,And you don &apos;t have sex .,He can't have sex...
"Ja se on vain osa , joka näkyy lähetyksessä .",And that &apos;s just on air .,And that's just part of the show.
Kutsun näitä kahdeksaa hahmoa radikaaleiksi .,I call these eight characters radicals .,I call these eight figures radicals.
"Kolme aurinkoa , välke .","Three together , that &apos;s sparkles .","Three suns, blink."
Kop kop . Onko ketään kotona ?,Knock knock . Is anyone home ?,"Knock, knock."
Eikä sitä voi tehdä .,And it can &apos;t be done .,And it can't be done.
Voit kirjoittaa sen päälle . Tämä toimii kaikissa ohjelmissa .,You can just type over it .,"You can write over it, it works on all the shows."
Mielestäni on useita syitä .,I think there are various reasons .,I think there are many reasons.
"Arvaatko , mikä tämä on ?",Can you guess what this is ?,Can you guess what this is?
Sanottakoon se noin .,Let &apos;s put it that way .,Let him put it that way.
Selvennetään asiaa .,But let &apos;s bring it home .,Let me get this straight.
Näettehän kaivetun kanavan ?,You see the canal they dug ?,You see the canal dug up?
Afrikan kokoinen alue .,That &apos;s the size of Africa .,It's the size of Africa.
Kaikkien on istuttava pöytään .,We need everyone at the table .,Everyone has to sit down.
Yksi vastaus oli George Clooney .,So one answer was George Clooney .,One of the answers was George Clooney.
He eivät vain pidä niistä .,They just don &apos;t like it .,They just don't like them.
"Hänen käy miestä sääliksi ,",So she &apos;s struck with pity .,She feels sorry for him.
Ensimmäinen shokki sattuu perkeleesti .,The first shock hurts like hell .,The first shock hurts like hell.
Silloin iski ahdistus .,And then the anxiety set in .,That's when the anxiety hit.
Masennus on viallista rakkautta .,Depression is the flaw in love .,Depression is defective love.
Pojallani oli vielä isä .,My son still had his dad .,My son had a father.
Se on mahtava kaupunki .,It &apos;s a perfectly great city .,It's a great city.
Se aloitti uskomattoman taipaleen .,This started an incredible journey .,It began an incredible journey.
Minkälainen keho on seksikäs ?,What is a sexy body ?,What kind of body is sexy?
Hallusinaatiot vaivasivat hänen isoisäänsä .,His grandfather had these hallucinations .,His grandfather was having hallucinations.
Hänelle oli tehty kaihileikkaus .,He &apos;d had cataract surgery .,She had cataract surgery.
Näkö oli heikonlainen .,His vision was pretty poor .,"Well, my eyes were weak."
Eli esiinnyn televisiossa .,So I go on television .,So I'm gonna be on television.
Välitän kahdesta asiasta .,I care about two things .,I care about two things.
Saattaisitte yllättyä .,You &apos;d totally be surprised .,You might be surprised.
"Joten tässäpä jotain , mitä ette odottaneet :",Now here &apos;s the kicker .,So here's something you didn't expect:
"Kaksi aurinkoa , onnekas .","Two suns together , prosperous .","Two suns, lucky you."
Kokonainen käsi . Olkapäästä amputoitu .,Whole arm . Shoulder disarticulation .,"A whole hand, amputated from the shoulder."
Kokosimme sen .,We put this thing together .,We put it together.
Hän aikoo raapia nenäänsä .,Going to scratch his nose .,He's going to scratch his nose.
Voimme olla väärässä .,Now we might be wrong .,We could be wrong.
Stereotypiat voivat myös mennä pieleen .,Stereotypes can also go awry .,It's one of those things that can go wrong.
Siihen on monia keinoja .,And there are different avenues .,There are many ways.
Tämä on Harriet Beecher Stowe .,This is Harriet Beecher Stowe .,This is Harriet Beecher Stowe.
Joten se on todellisuutta .,So this is for real .,So that's reality.
Raha oli todella tarpeen .,They really needed the money .,We really needed the money.
Kuvitelkaa tämän tapahtuneen Yläjärvelle .,Imagine that was Lake Superior .,Imagine this happened to Lake Superior.
Tai Huronjärvelle .,Imagine that was Lake Huron .,Or Lake Huron.
Muutos on erikoislaatuinen .,It &apos;s an extraordinary change .,It's an extraordinary change.
Aloitetaan tästä .,Let &apos;s start with this .,Let's start with this.
Nyt sinne voi kävellä .,You can walk there today .,Now it's a quick walk.
Vielä tärkeää on ruokavalion muutos .,"More importantly , changing diets .",The most important thing is a change in diet.
Kasvit tarvitsevat vettä ja ravinteita .,Plants need water and nutrients .,The plants need water and nutrients.
Kukaan ei kutsu häntä vammaiseksi .,Nobody calls her disabled .,Nobody calls him a retard.
Sitten tulee taas muutos .,Then it changes again .,Then there'll be another change.
Mutta hän oli sokea .,But she was blind .,But he was blind.
Ne pelottivat häntä .,And these frightened her .,They scared him.
Ne ivaavat .,They jeer at you .,They're mocking you.
Niiden kanssa ollaan vuorovaikutuksessa .,You interact with them .,You're interacting with them.
Tuntee paahdetun kastanjan tuoksun .,You smell chestnuts roasting .,You can smell the toasted chestnut.
mutta vain niitä . &quot; &quot;,But they stop there .,But only that.
konservatiivit ovat todella mukavia .,Conservatives are really nice .,The negatives are really nice.
Se on emotionaalista korrektiutta .,That is emotional correctness .,It's emotional blindness.
Tuloksena on suu .,You get a mouth .,The result is a mouth.
Tämä on puu .,This is a tree .,This is a tree.
Tämä on vuori .,This is a mountain .,This is a mountain.
"Se painaa 3,1 kilogrammaa .",This weighs 6.9 pounds .,It weighs 3.1 kilos.
Välilyönti ja toinen perään . Todella hienoa .,"Go space , space .",That's great.
Tuplaklikkaa sanaa . Katso 200 . Tuplaklikkaus .,Double click the word .,"Double the words, look at 200, double click."
Tajfel kiisti tämän .,And Tajfel rejected this .,The Tajcolo denied this.
Olemme rajoittaneet itseämme .,We have bound ourselves .,We've narrowed it down.
Toukan suu .,A caterpillar &apos;s mouth .,A caterpillar's mouth.
Aika merkillistä .,It &apos;s pretty extraordinary .,That's funny.
Ilmasto-olot ovat muuttuneet .,Weather patterns have changed .,Environment conditions have changed.
Jotkut kuivuvat kokonaan .,Some dry up altogether .,Some things get all dried up.
Pulmallinen tilanne ...,Here &apos;s the dilemma ...,That's a pickle.
Tämä on Hermann Göring .,This is Hermann Goering .,This is Sofia Goring.
Miksi sillä on merkitystä ?,Why does this matter ?,Why does that matter?
Söisitkö tämän ?,Would you eat this ?,Would you eat this?
Kipu vähenee .,The pain gets less .,The pain gets less.
mutta tarvitsemme lisää ideoita .,But we need more .,But we need more ideas.
Mutta totuus valehtelee .,But the truth lies .,But the truth lies.
Hulluttelukin on tärkeää .,So whimsy matters .,It's also important to get crazy.
Kiitoksia paljon .,Thanks very much .,Thank you very much.
Oletteko valmiita ?,You are ready ?,Are you ready?
Japanilainen .,A Japanese person .,Japanese.
Niissä on anturit .,It has sensors .,They're equipped with sensors.
AB : Kiitoksia .,AB : Thanks .,Thank you.
on toimittava yhdessä .,must work together .,We must work together.
Ajatellaan vaikka ruokaa .,So take food .,"Take food, for example."
Tai ajatellaanpa seksiä .,Or take sex .,"Well, let's think about sex."
Runous merkitsee .,Poetry matters .,And poetry matters.
Kiitos .,Thank you .,Thank you.
Myös eläimiä .,Animals too .,Including animals.
&quot; &quot; Miksi Kermit ?,Why Kermit ?,Why Kermit?
Kiitos .,Thank you .,Thank you.
Aurinko .,The sun .,The sun.
Mielenkiintoista .,Interesting .,Interesting.
Painavat !,Heavy !,They're heavy!
